<?xml version="1.0" encoding="UTF-8"?>
<!--Generated by Turbo XML.-->
<Task xmlns="http://www.tibco.com/domainutility/commandline" xmlns:xsi="http://www.w3.org/2001/XMLSchema-instance">
        <AddMachine>
                <DomainName>VF1_domain</DomainName>
                <AdministratorUsername>admin</AdministratorUsername>
                <AdministratorPassword>admin</AdministratorPassword>
                <MachineName>192.168.2.226</MachineName>
                <HawkCluster/>
                <DiscoverTimeOut>30</DiscoverTimeOut>
                        <ApplicationRVParameters>
                        <RvDaemon>tcp:192.168.2.222:7500</RvDaemon>
                        <RvNetwork></RvNetwork>
                        <RvService>7500</RvService>
                </ApplicationRVParameters>
                <HawkRVParameters>
                        <RvDaemon>tcp:192.168.2.222:7474</RvDaemon>
                        <RvNetwork></RvNetwork>
                        <RvService>7474</RvService>
                </HawkRVParameters>
</AddMachine>
</Task>
