<?xml version="1.0" encoding="UTF-8"?>
<project name="project" default="EARValidation">
<!--
     Author: Amuthan A
Version: 1.0
Date:: 28/06/2016
Description: Common ant script to validate the EARs
-->
    <description>
            EAR Validation : :
    </description>

        <taskdef resource="net/sf/antcontrib/antcontrib.properties">
  <classpath>
    <pathelement location="/opt/tibco/tpcl/5.7/ant/1.6/lib/ant-contrib.jar"/>
  </classpath>
</taskdef>

<target name="echo1" description="Setting  build environment">
                <echo message="Test ${til.archivename}" />
        </target>

        <!-- Setting TIL - BUILD environment  -->
    <target name="setenv" description="Setting environment">
        <echo message="Setting tib environment ... "/>
        <!-- ** Load the properties from tibbuild  property file ** -->
        <loadproperties srcFile="tilbuild.properties">
          <filterchain>
             <linecontains>
                  <contains value="til."/>
             </linecontains>
           </filterchain>
         </loadproperties>

        <!-- ** Load the names of the archives to be build ** -->
        <!--loadfile srcfile="${til.archivefile}" property="til.archivefilecontent" /-->
<!--         <math result="til.prevpatchno" operand1="${til.currentpatchno}" operation="-" operand2="1" datatype="int"/> -->
	<mkdir dir="${til.workspace}/EARValidation"/>
        <property name="tibco.tra.home" value="/opt/tibco/tra/${til.traversion}"/>
        <property name="til.project" value="${til.type}_${til.projectname}"/>
<!--         <property name="til.patchno" value="P${til.currentpatchno}"/> -->
        <property name="til.checkoutdir" value="./EAR_BUILD"/>
<!--         <property name="til.patchtag" value="BUILD_${til.buildno}_${til.patchno}"/>
                     <property name="til.prevpatchtag" value="BUILD_${til.buildno}_P${til.prevpa tchno}"/> -->
        <property name="til.archivename" value="${til.archivefile}"/>


        <if>
         <equals arg1="${til.module}" arg2="${til.projectname}"/>
         <then>
                <echo message="Module name and CVS Project Name are same"/>
                <property name="til.projectcheckout" value="${til.project}"/>
                <property name="build.home" value="./TIL_SOURCE"/>
                <property name="build.dir" value="./EAR_BUILD"/>
                <property name="til.packagename" value="${til.project}"/>
        </then>
         <else>
           <echo message="Module name and CVS Project Name are different "/>
           <property name="til.projectcheckout" value="${til.type}_${til.module}/${til.type}_${til.projectname}"/>
           <property name="build.home" value="./TIL_SOURCE"/>
           <property name="build.dir" value="./EAR_BUILD"/>
           <property name="til.packagename" value="${til.project}"/>

        </else>
        </if>

        <echo message="Project ${til.project} Build Start..."/>
<!--         <echo message="Currnet Patchtag ${til.patchtag}"/>
                     <echo message="Previous Patchtag ${til.prevpatchtag}"/> -->

    </target>

    <target name="EARValidator" depends="setenv">
	<propertycopy name="eartag" from="til.${til.archivename}.nextver"/>
        <java fork="true" failonerror="yes" classname="com.hp.ear.utils.earvalidator.EARValidator" classpath="ValidateEAR.jar">
                <arg value="${build.dir}/${til.archivename}-${eartag}.ear"/>
                        <arg value="/opt/tibco/designer/5.10/bin/validateproject"/>
                        <arg value="EARValidation"/>
                </java>
        </target>

<target name="EARValidation" depends="setenv">
                <echo>ArchiveFile Value ${til.archivefile}</echo>
                <foreach list="${til.archivefile}" target="EARValidator" param="til.archivename" delimiter=";"/>
        </target>
</project>

