<project name="TIL" basedir="." default="build">
<!--
          Author: Harish Babu Golla Krishna Murthy
Version: 0.1
Date::14the September
Description: Common ant build script to build all TIL-CVS modules with different BW/TRA versions. Minimuum Ant version required for this script is 1.6 or above.
-->
  <taskdef resource="net/sf/antcontrib/antcontrib.properties">
    <classpath>
      <pathelement location="/opt/tibco/tmp/TIL_TEMP/tpcl/5.7/ant/1.6/lib/ant-contrib.jar"/>
    </classpath>
  </taskdef>

  <!-- Setting TIL - BUILD environment  -->
  <target name="setenv" description="Setting environment">
    <echo message="Setting tibco environment ... "/>
    <!-- ** Load the properties from tibbuild  property file ** -->
    <loadproperties srcFile="tilbuild.properties">
      <filterchain>
        <linecontains>
          <contains value="til."/>
        </linecontains>
      </filterchain>
    </loadproperties>
    <!-- ** Load the names of the archives to be build ** -->
        <!--loadfile srcfile="${til.archivefile}" property="til.archivefilecontent" /-->
    <property name="tibco.tra.home" value="/opt/tibco/tra/${til.traversion}"/>
    <property name="til.project" value="${til.type}_${til.projectname}"/>
    <property name="devtag" value="${til.devtag}"/>
    <property name="til.archivename" value="${til.archivefile}"/>
    <property name="workspace" value="${til.workspace}"/>
    <property name="til.sourcedir" value="${workspace}/TIL_SOURCE"/>
    <property name="archivefile" value="/Build/${til.archivename}.archive"/>
    <if>
      <equals arg1="${til.module}" arg2="${til.projectname}"/>
      <then>
        <echo message="Module name and CVS Project Name are same"/>
        <property name="build.home" value="${workspace}/TIL_SOURCE"/>
        <property name="build.dir" value="${workspace}/EAR_BUILD"/>
        <property name="til.packagename" value="${til.project}"/>
      </then>
      <else>
        <echo message="Module name and CVS Project Name are different "/>
        <property name="build.home" value="${workspace}/TIL_SOURCE"/>
        <property name="build.dir" value="${workspace}/EAR_BUILD"/>
        <property name="til.packagename" value="${til.module}/${til.type}_${til.projectname}"/>
      </else>
    </if>
    <echo message="Project ${til.project} Build Start..."/>
  </target>

  <!-- Build Archive -->
  <target name="buildear" depends="setenv" description="Build Archive">
        <!--target name="buildear" depends="setenv" description="Build Archive"-->
    <mkdir dir="${build.dir}"/>
    <propertycopy name="eartag" from="til.${til.archivename}.nextver"/>
    <echo message="ear tag is: ${eartag}"/>
    <echo message="Building Archive : ${til.archivename} ..."/>
    <property name="earfile" value="${build.dir}/${til.archivename}-${eartag}.ear"/>
    <echo message="EAR File Name : ${earfile}"/>
    <property name="archivefile" value="/Build/${til.archivename}.archive"/>
    <echo message="Archive Name : ${archivefile}"/>
	<echo message="${tibco.tra.home}/bin/buildear --propFile ${tibco.tra.home}/bin/buildear.tra -ear ${archivefile} -o ${earfile} -p ${til.sourcedir}  -x -a ${workspace}/buildprojlib.properties dir=${build.home} inputstring=y failonerror=true outputproperty=EAR_BUILD.log"/>
    <exec command="${tibco.tra.home}/bin/buildear --propFile ${tibco.tra.home}/bin/buildear.tra -ear ${archivefile} -o ${earfile} -p ${til.sourcedir}  -x -a ${workspace}/buildprojlib.properties" dir="${build.home}" inputstring="y" failonerror="true" outputproperty="EAR_BUILD.log"/>
	<echo>EAR_BUILD.log: ${EAR_BUILD.log}</echo>
    <!-- <echo message="Building Archive : ${til.archivename} completed"/> -->
  </target>

  <!-- Build -->
  <target name="build" depends="setenv" description="Build ">
    <echo message="***** Building Archive files *****"/>
    <foreach list="${til.archivefile}" target="buildear" param="til.archivename" delimiter=";"/>
    <echo message="***** Building Archive files completed *****"/>
  </target>

</project>








