<?xml version="1.0" encoding="UTF-8"?>
<!--Generated by Turbo XML.-->
<Task xmlns="http://www.tibco.com/domainutility/commandline" xmlns:xsi="http://www.w3.org/2001/XMLSchema-instance">
	<AddJMSServer>
		<DomainName>VF_domain</DomainName>
		<!--username and password values are optional and overridden if already set through the command-line-->
		<AdministratorUsername>admin</AdministratorUsername>
		<AdministratorPassword>admin</AdministratorPassword>
		<MachineName>192.168.2.222</MachineName>
		<JMSPort>5122</JMSPort>
		<JMSVersion>8.4.1</JMSVersion>
		<JMSExecutable>/opt/tibco/ems/8.4/bin/tibemsd64</JMSExecutable>
		<JMSConfigFile>/opt/tibco/configurations/tibco/cfgmgmt/ems/LNKTEST02/5122/tibemsd.conf</JMSConfigFile>
		<JMSUserName>admin</JMSUserName>
		<JMSPassword>admin</JMSPassword>
		<TestJMSConnection>true</TestJMSConnection>
		<!--the HawkCluster, OSName and OSVersion values are optional-->
		<HawkCluster>000.000.000.000</HawkCluster>
		<OSName>my_os</OSName>
		<OSVersion>9.9</OSVersion>
	</AddJMSServer>
</Task>

