<?xml version="1.0" encoding="UTF-8"?>
<realm xmlns="http://xsd.tns.tibco.com/trinity/realm/2013" hashAlgorithm="PBKDF2WithHmacSHA256" repetitionCount="128">
   <users>
      <user>
      <name>john</name>
         <!-- specify the password as follows using the <plaintext> element.
         The code will replace <plaintext/> with <password salt=...>hash</password>
         in the file on the first authentication attempt.
            Alternatively use the command-line asg-password-hasher utility.
         Make sure that the hashAlgorithm and repetitionCount attributes at
         line 2 match the input to the command-line tool.

         <plaintext>password</plaintext>

         -->
         <password salt="tHpKLGzd92xa2A4Skkdv/oxxeq0=">ES7VlmB26+h4wXaRfhj6PEze8rwYjUijzj2/5L3Cd2A=</password>
      </user>
      <user>
         <name>alex</name>
         <!--  the password is secret -->
         <password salt="qEd8Hq7ObiuzvJUrq6lv1eIRUKYxBAEQc+x6byFFOXg=">s34OkB7FjnhZcNm0z3XSvdWKQUKqdsckkjpXj3O+cE8=</password>
      </user>
      <user>
         <name>username1</name>
         <password salt="rBPcqwHagVwVSRi3ndbjcHCkEk2TV0zmEnHBnkfbf+U=">836tSikrJDFgKfVDQn332khxjQt/xzeLym3i5dAzqFg=</password>
      </user>
      <user>
         <name>username2</name>
         <password salt="k8YuHe/QxhimlmfFLFMMSClGL6rx9Kuzb94VXDlx3gg=">xgCmSLnmjoy1CCnvXK+D+kiuAaGBPcRSyKkk6Qh1H24=</password>
      </user>
      <user>
         <name>username3</name>
         <password salt="PuPZQnsuVnC0QTTgMA1LWvL7T38yVhKslcQviZfoD1U=">ljPyYXbAmQVdzV13Hrk7UbRVl8WD8DSLD4mKxCedpFQ=</password>
      </user>
      <user>
         <name>username4</name>
         <password salt="kBV40kbnFJcD94kyHl1DJ4ATjStQ/Z8rEGxFJo0Hx1s=">RO3VI95GR/VlM+d8pPpSw/sxPwUN4cj49oG9KzUvclY=</password>
      </user>
      <user>
         <name>username5</name>
         <password salt="tta7NUkzBypyqS7EXnl+gR2MSZ/bT6kV6DVoR4pVmJA=">q4g4rnJkUfIGS0jkuLlgoN5xgfhgLxATuNXp9MhfVhU=</password>
      </user>
      <user>
         <name>username6</name>
         <password salt="gTYrCR11ZfTDlp4pZ9hlga50UcpseqiasS0cT98KBto=">Jic75Qs0U7yktbZyLDkvWXHiYKx8aloI1KSQXSwuI30=</password>
      </user>
      <user>
         <name>username7</name>
         <password salt="TgB9quAYdUY9St4zvMK8Uqq921Hcb7sUb8jMj5+V1Ks=">Sf4CwL19/ON9Jmyp12yM9PuQpQW3nqYtHzhLCjOB42U=</password>
      </user>
   </users>
   <group-mapping>
      <group-name>Administrator</group-name>
      <user-name>john</user-name>
   </group-mapping>
   <group-mapping>
      <group-name>child1subgroup</group-name>
      <user-name>username7</user-name>
   </group-mapping>
   <group-mapping>
      <group-name>childgroup1</group-name>
      <child-group>child1subgroup</child-group>
      <user-name>username4</user-name>
      <user-name>username5</user-name>
   </group-mapping>
   <group-mapping>
      <group-name>childgroup2</group-name>
      <user-name>username6</user-name>
   </group-mapping>
   <group-mapping>
      <group-name>parentgroup1</group-name>
      <child-group>childgroup1</child-group>
      <child-group>childgroup2</child-group>
      <user-name>username1</user-name>
      <user-name>username2</user-name>
      <user-name>username3</user-name>
   </group-mapping>
</realm>
